{"cameraMode":{"drawMode":0,"name":"Shaded","section":"Shading Mode"},"sceneLighting":false,"audioPlay":false,"sceneViewState":{"m_AlwaysRefresh":false,"showFog":true,"showSkybox":false,"showFlares":true,"showImageEffects":true,"showParticleSystems":true,"showVisualEffectGraphs":true,"m_FxEnabled":true},"in2DMode":false,"pivot":{"x":0.023018360137939454,"y":-0.00215054489672184,"z":0.03909558802843094},"rotation":{"x":0.014332985505461693,"y":0.8079994320869446,"z":-0.019631680101156236,"w":0.5887108445167542},"size":0.14092613756656648,"orthographic":false}