{"cameraMode":{"drawMode":0,"name":"Shaded","section":"Shading Mode"},"sceneLighting":false,"audioPlay":false,"sceneViewState":{"m_AlwaysRefresh":false,"showFog":true,"showSkybox":false,"showFlares":true,"showImageEffects":true,"showParticleSystems":true,"showVisualEffectGraphs":true,"m_FxEnabled":true},"in2DMode":false,"pivot":{"x":-7.450580596923828e-9,"y":0.0010039657354354859,"z":0.05514056980609894},"rotation":{"x":-0.10403110086917877,"y":0.7676877379417419,"z":-0.12901397049427033,"w":-0.6190258860588074},"size":0.1237221509218216,"orthographic":false}