{"cameraMode":{"drawMode":0,"name":"Shaded","section":"Shading Mode"},"sceneLighting":false,"audioPlay":false,"sceneViewState":{"m_AlwaysRefresh":false,"showFog":true,"showSkybox":false,"showFlares":true,"showImageEffects":true,"showParticleSystems":true,"showVisualEffectGraphs":true,"m_FxEnabled":true},"in2DMode":false,"pivot":{"x":-5.021849632263184,"y":1.1299999952316285,"z":-2.5406851768493654},"rotation":{"x":0.3880096971988678,"y":-0.1489643007516861,"z":0.06406528502702713,"w":0.9074936509132385},"size":0.34840133786201479,"orthographic":false}