{"cameraMode":{"drawMode":0,"name":"Shaded","section":"Shading Mode"},"sceneLighting":false,"audioPlay":false,"sceneViewState":{"m_AlwaysRefresh":false,"showFog":true,"showSkybox":false,"showFlares":true,"showImageEffects":true,"showParticleSystems":true,"showVisualEffectGraphs":true,"m_FxEnabled":true},"in2DMode":false,"pivot":{"x":5.960464477539063e-8,"y":0.8794801235198975,"z":0.1446736454963684},"rotation":{"x":-0.008401572704315186,"y":-0.7860835790634155,"z":-0.01056728232651949,"w":0.618092954158783},"size":0.9390118718147278,"orthographic":false}