{"cameraMode":{"drawMode":0,"name":"Shaded","section":"Shading Mode"},"sceneLighting":true,"audioPlay":false,"sceneViewState":{"m_AlwaysRefresh":false,"showFog":true,"showSkybox":true,"showFlares":true,"showImageEffects":true,"showParticleSystems":true,"showVisualEffectGraphs":true,"m_FxEnabled":true},"in2DMode":false,"pivot":{"x":15.831178665161133,"y":1.78872549533844,"z":-21.564908981323243},"rotation":{"x":-0.029361864551901819,"y":-0.9230201840400696,"z":0.09543512016534805,"w":-0.37390372157096865},"size":2.1924712657928469,"orthographic":false}