{"cameraMode":{"drawMode":0,"name":"Shaded","section":"Shading Mode"},"sceneLighting":true,"audioPlay":false,"sceneViewState":{"m_AlwaysRefresh":false,"showFog":true,"showSkybox":true,"showFlares":true,"showImageEffects":true,"showParticleSystems":true,"showVisualEffectGraphs":true,"m_FxEnabled":true},"in2DMode":false,"pivot":{"x":15.996833801269532,"y":2.4191994667053224,"z":-13.059919357299805},"rotation":{"x":-0.006150734610855579,"y":-0.8509687185287476,"z":0.01805281825363636,"w":-0.5263590216636658},"size":3.183225631713867,"orthographic":false}