{"cameraMode":{"drawMode":0,"name":"Shaded","section":"Shading Mode"},"sceneLighting":true,"audioPlay":false,"sceneViewState":{"m_AlwaysRefresh":false,"showFog":true,"showSkybox":true,"showFlares":true,"showImageEffects":true,"showParticleSystems":true,"showVisualEffectGraphs":true,"m_FxEnabled":true},"in2DMode":false,"pivot":{"x":16.035551071166993,"y":1.661400556564331,"z":-13.067264556884766},"rotation":{"x":0.019069645553827287,"y":-0.9893470406532288,"z":0.10403849184513092,"w":0.10966183245182038},"size":4.0759501457214359,"orthographic":false}